<?xml version="1.0" encoding="UTF-8"?>
<project-private xmlns="http://www.netbeans.org/ns/project-private/1">
    <editor-bookmarks xmlns="http://www.netbeans.org/ns/editor-bookmarks/2" lastBookmarkId="0"/>
    <open-files xmlns="http://www.netbeans.org/ns/projectui-open-files/2">
        <group>
            <file>file:/D:/Users/Mewp/Desktop/Projeto/src/Vendedor.java</file>
            <file>file:/D:/Users/Mewp/Desktop/Projeto/src/AbsFuncionario.java</file>
            <file>file:/D:/Users/Mewp/Desktop/Projeto/src/Gerente.java</file>
            <file>file:/D:/Users/Mewp/Desktop/Projeto/src/Cliente.java</file>
            <file>file:/D:/Users/Mewp/Desktop/Projeto/src/Projeto.java</file>
            <file>file:/D:/Users/Mewp/Desktop/Projeto/src/Pessoa.java</file>
        </group>
    </open-files>
</project-private>
